ALUMNO;ESTUDIOS;GRUPO
481088;CFGS (Mod. E-Learning) (LOE) - Desarrollo de Aplicaciones Multiplataforma;DAM@
1282187;CFGS (Mod. E-Learning) (LOE) - Gestión de Alojamientos Turísticos;GATUR@
202743;CFGS (Mod. E-Learning) (LOE) - Gestión de Alojamientos Turísticos;GATUR@
1342978;CFGS (Mod. E-Learning) (LOE) - Gestión de Alojamientos Turísticos;GATUR@
236827;2º de FPB - Cocina y Restauración;CORE2
41320;2º de CFGM (LOE) - Sistemas Microinformáticos y Redes;SMR2
150811;2º de CFGM (LOE) - Sistemas Microinformáticos y Redes;SMR2
63988;2º de CFGM (LOE) - Sistemas Microinformáticos y Redes;SMR2
141054;2º de CFGM (LOE) - Sistemas Microinformáticos y Redes;SMR2
518187;2º de CFGM (LOE) - Sistemas Microinformáticos y Redes;SMR2
516248;2º de CFGM (LOE) - Sistemas Microinformáticos y Redes;SMR2
375470;2º de CFGM (LOE) - Sistemas Microinformáticos y Redes;SMR2
234728;2º de CFGM (LOE) - Sistemas Microinformáticos y Redes;SMR2
591517;2º de CFGM (LOE) - Sistemas Microinformáticos y Redes;SMR2
43658;2º de CFGM (LOE) - Sistemas Microinformáticos y Redes;SMR2
719304;2º de CFGM (LOE) - Sistemas Microinformáticos y Redes;SMR2
526066;2º de CFGM (LOE) - Sistemas Microinformáticos y Redes;SMR2
512834;2º de CFGM (LOE) - Sistemas Microinformáticos y Redes;SMR2
234982;2º de CFGM (LOE) - Sistemas Microinformáticos y Redes;SMR2
707946;2º de CFGM (LOE) - Sistemas Microinformáticos y Redes;SMR2
599720;2º de CFGM (LOE) - Sistemas Microinformáticos y Redes;SMR2
595301;2º de CFGM (LOE) - Sistemas Microinformáticos y Redes;SMR2
629754;2º de CFGM (LOE) - Sistemas Microinformáticos y Redes;SMR2
382652;2º de CFGM (LOE) - Sistemas Microinformáticos y Redes;SMR2
54863;2º de CFGM (LOE) - Sistemas Microinformáticos y Redes;SMR2
591577;2º de CFGM (LOE) - Sistemas Microinformáticos y Redes;SMR2
593156;2º de CFGM (LOE) - Sistemas Microinformáticos y Redes;SMR2
517340;2º de CFGM (LOE) - Sistemas Microinformáticos y Redes;SMR2
515996;2º de CFGM (LOE) - Sistemas Microinformáticos y Redes;SMR2
599847;2º de CFGM (LOE) - Sistemas Microinformáticos y Redes;SMR2
334918;2º de CFGM (LOE) - Sistemas Microinformáticos y Redes;SMR2
32361;2º de CFGM (LOE) - Sistemas Microinformáticos y Redes;SMR2
236342;2º de CFGM (LOE) - Sistemas Microinformáticos y Redes;SMR2
536691;2º de CFGM (LOE) - Sistemas Microinformáticos y Redes;SMR2
517321;2º de CFGM (LOE) - Sistemas Microinformáticos y Redes;SMR2
473480;2º de CFGM (LOE) - Sistemas Microinformáticos y Redes;SMR2
386050;2º de CFGM (LOE) - Sistemas Microinformáticos y Redes;SMR2
598926;1º de CFGM (LOE) - Aprovechamiento y Conservación del Medio Natural;ACMN1
473911;1º de CFGM (LOE) - Aprovechamiento y Conservación del Medio Natural;ACMN1
595512;1º de CFGM (LOE) - Aprovechamiento y Conservación del Medio Natural;ACMN1
519608;1º de CFGM (LOE) - Aprovechamiento y Conservación del Medio Natural;ACMN1
378057;1º de CFGM (LOE) - Aprovechamiento y Conservación del Medio Natural;ACMN1
518205;2º de CFGM (LOE) - Aprovechamiento y Conservación del Medio Natural;ACMN2
512830;2º de CFGM (LOE) - Aprovechamiento y Conservación del Medio Natural;ACMN2
534055;2º de CFGM (LOE) - Aprovechamiento y Conservación del Medio Natural;ACMN2
474184;2º de CFGM (LOE) - Aprovechamiento y Conservación del Medio Natural;ACMN2
235875;2º de CFGM (LOE) - Aprovechamiento y Conservación del Medio Natural;ACMN2
41808;2º de CFGM (LOE) - Aprovechamiento y Conservación del Medio Natural;ACMN2
474098;2º de CFGM (LOE) - Aprovechamiento y Conservación del Medio Natural;ACMN2
334137;2º de CFGM (LOE) - Aprovechamiento y Conservación del Medio Natural;ACMN2
592027;2º de CFGM (LOE) - Aprovechamiento y Conservación del Medio Natural;ACMN2
591265;2º de CFGM (LOE) - Aprovechamiento y Conservación del Medio Natural;ACMN2
240603;2º de CFGM (LOE) - Aprovechamiento y Conservación del Medio Natural;ACMN2
147776;2º de CFGM (LOE) - Aprovechamiento y Conservación del Medio Natural;ACMN2
624278;2º de CFGM (LOE) - Aprovechamiento y Conservación del Medio Natural;ACMN2
143886;2º de CFGM (LOE) - Aprovechamiento y Conservación del Medio Natural;ACMN2
235765;2º de CFGM (LOE) - Aprovechamiento y Conservación del Medio Natural;ACMN2
343080;2º de CFGM (LOE) - Aprovechamiento y Conservación del Medio Natural;ACMN2
528687;2º de CFGM (LOE) - Aprovechamiento y Conservación del Medio Natural;ACMN2
591124;2º de CFGM (LOE) - Aprovechamiento y Conservación del Medio Natural;ACMN2
515467;2º de CFGM (LOE) - Aprovechamiento y Conservación del Medio Natural;ACMN2
523107;2º de CFGM (LOE) - Aprovechamiento y Conservación del Medio Natural;ACMN2
472575;2º de CFGM (LOE) - Aprovechamiento y Conservación del Medio Natural;ACMN2
61198;1º de CFGS (LOE) - Administración de Sistemas Informáticos en Red;ASIR1
348952;1º de CFGS (LOE) - Administración de Sistemas Informáticos en Red;ASIR1
546000;1º de CFGS (LOE) - Administración de Sistemas Informáticos en Red;ASIR1
34053;1º de CFGS (LOE) - Administración de Sistemas Informáticos en Red;ASIR1
149058;2º de CFGS (LOE) - Administración de Sistemas Informáticos en Red;ASIR2
149093;2º de CFGS (LOE) - Administración de Sistemas Informáticos en Red;ASIR2
170905;2º de CFGS (LOE) - Administración de Sistemas Informáticos en Red;ASIR2
474132;2º de CFGS (LOE) - Administración de Sistemas Informáticos en Red;ASIR2
334145;2º de CFGS (LOE) - Administración de Sistemas Informáticos en Red;ASIR2
41748;2º de CFGS (LOE) - Administración de Sistemas Informáticos en Red;ASIR2
1337538;2º de CFGS (LOE) - Administración de Sistemas Informáticos en Red;ASIR2
171725;2º de CFGS (LOE) - Administración de Sistemas Informáticos en Red;ASIR2
376951;2º de CFGS (LOE) - Administración de Sistemas Informáticos en Red;ASIR2
390472;2º de CFGS (LOE) - Administración de Sistemas Informáticos en Red;ASIR2
39459;2º de CFGS (LOE) - Administración de Sistemas Informáticos en Red;ASIR2
1393837;2º de CFGS (LOE) - Administración de Sistemas Informáticos en Red;ASIR2
148040;2º de CFGS (LOE) - Administración de Sistemas Informáticos en Red;ASIR2
174019;2º de CFGS (LOE) - Administración de Sistemas Informáticos en Red;ASIR2
219193;2º de CFGS (LOE) - Administración de Sistemas Informáticos en Red;ASIR2
335972;2º de CFGS (LOE) - Administración de Sistemas Informáticos en Red;ASIR2
170110;2º de CFGS (LOE) - Administración de Sistemas Informáticos en Red;ASIR2
334939;2º de CFGS (LOE) - Administración de Sistemas Informáticos en Red;ASIR2
541949;2º de CFGS (LOE) - Administración de Sistemas Informáticos en Red;ASIR2
236053;2º de CFGS (LOE) - Desarrollo de Aplicaciones Web;DAW2
373273;2º de CFGS (LOE) - Desarrollo de Aplicaciones Web;DAW2
38272;2º de CFGS (LOE) - Desarrollo de Aplicaciones Web;DAW2
200675;2º de CFGS (LOE) - Desarrollo de Aplicaciones Web;DAW2
541949;2º de CFGS (LOE) - Desarrollo de Aplicaciones Web;DAW2
139760;2º de CFGS (LOE) - Desarrollo de Aplicaciones Web;DAW2
141032;2º de CFGS (LOE) - Desarrollo de Aplicaciones Web;DAW2
172484;2º de CFGS (LOE) - Desarrollo de Aplicaciones Web;DAW2
459340;2º de CFGS (LOE) - Desarrollo de Aplicaciones Web;DAW2
314974;2º de CFGS (LOE) - Desarrollo de Aplicaciones Web;DAW2
40159;2º de CFGS (LOE) - Desarrollo de Aplicaciones Web;DAW2
132874;2º de CFGS (LOE) - Desarrollo de Aplicaciones Web;DAW2
236247;2º de CFGS (LOE) - Desarrollo de Aplicaciones Web;DAW2
247691;2º de CFGS (LOE) - Desarrollo de Aplicaciones Web;DAW2
173008;2º de CFGS (LOE) - Desarrollo de Aplicaciones Web;DAW2
333506;2º de CFGS (LOE) - Desarrollo de Aplicaciones Web;DAW2
241449;2º de CFGS (LOE) - Desarrollo de Aplicaciones Web;DAW2
147246;2º de CFGS (LOE) - Desarrollo de Aplicaciones Web;DAW2
127365;2º de CFGS (LOE) - Desarrollo de Aplicaciones Web;DAW2
478822;1º de CFGS (LOE) - Desarrollo de Aplicaciones Multiplataforma;DAM1
42980;1º de CFGS (LOE) - Desarrollo de Aplicaciones Multiplataforma;DAM1
316535;1º de CFGS (LOE) - Desarrollo de Aplicaciones Web;DAW1
150023;1º de CFGS (LOE) - Desarrollo de Aplicaciones Web;DAW1
334552;1º de CFGS (LOE) - Desarrollo de Aplicaciones Web;DAW1
143566;1º de CFGS (LOE) - Gestión Forestal y del Medio Natural;GFMN1
135065;1º de CFGS (LOE) - Gestión Forestal y del Medio Natural;GFMN1
172962;1º de CFGS (LOE) - Gestión Forestal y del Medio Natural;GFMN1
63928;1º de CFGS (LOE) - Gestión Forestal y del Medio Natural;GFMN1
170117;2º de CFGS (LOE) - Gestión Forestal y del Medio Natural;GFMN2A
78626;2º de CFGS (LOE) - Gestión Forestal y del Medio Natural;GFMN2A
187828;2º de CFGS (LOE) - Gestión Forestal y del Medio Natural;GFMN2A
412937;2º de CFGS (LOE) - Gestión Forestal y del Medio Natural;GFMN2A
63728;2º de CFGS (LOE) - Gestión Forestal y del Medio Natural;GFMN2A
336208;2º de CFGS (LOE) - Gestión Forestal y del Medio Natural;GFMN2B
147859;2º de CFGS (LOE) - Gestión Forestal y del Medio Natural;GFMN2B
142633;2º de CFGS (LOE) - Gestión Forestal y del Medio Natural;GFMN2B
148060;2º de CFGS (LOE) - Gestión Forestal y del Medio Natural;GFMN2B
187809;2º de CFGS (LOE) - Gestión Forestal y del Medio Natural;GFMN2B
149511;2º de CFGS (LOE) - Gestión Forestal y del Medio Natural;GFMN2A
41303;2º de CFGS (LOE) - Gestión Forestal y del Medio Natural;GFMN2A
39300;2º de CFGS (LOE) - Gestión Forestal y del Medio Natural;GFMN2A
241583;2º de CFGS (LOE) - Gestión Forestal y del Medio Natural;GFMN2A
185771;2º de CFGS (LOE) - Gestión Forestal y del Medio Natural;GFMN2A
474032;2º de CFGS (LOE) - Gestión Forestal y del Medio Natural;GFMN2A
474037;2º de CFGS (LOE) - Gestión Forestal y del Medio Natural;GFMN2B
287360;2º de CFGS (LOE) - Gestión Forestal y del Medio Natural;GFMN2A
214274;2º de CFGS (LOE) - Gestión Forestal y del Medio Natural;GFMN2A
147912;2º de CFGS (LOE) - Gestión Forestal y del Medio Natural;GFMN2A
695106;2º de CFGS (LOE) - Gestión Forestal y del Medio Natural;GFMN2B
56022;2º de CFGS (LOE) - Gestión Forestal y del Medio Natural;GFMN2B
150680;2º de CFGS (LOE) - Gestión Forestal y del Medio Natural;GFMN2B
1060841;2º de CFGS (LOE) - Gestión Forestal y del Medio Natural;GFMN2B
315069;2º de CFGS (LOE) - Gestión Forestal y del Medio Natural;GFMN2B
172371;2º de CFGS (LOE) - Gestión Forestal y del Medio Natural;GFMN2B
147415;2º de CFGS (LOE) - Gestión Forestal y del Medio Natural;GFMN2B
386465;2º de CFGS (LOE) - Gestión Forestal y del Medio Natural;GFMN2B
170533;2º de CFGS (LOE) - Gestión Forestal y del Medio Natural;GFMN2B
296310;2º de CFGS (LOE) - Gestión Forestal y del Medio Natural;GFMN2B
172196;2º de CFGS (LOE) - Gestión Forestal y del Medio Natural;GFMN2A
64556;2º de CFGS (LOE) - Desarrollo de Aplicaciones Multiplataforma;DAM2
236004;2º de CFGS (LOE) - Desarrollo de Aplicaciones Multiplataforma;DAM2
334758;2º de CFGS (LOE) - Desarrollo de Aplicaciones Multiplataforma;DAM2
541969;2º de CFGS (LOE) - Desarrollo de Aplicaciones Multiplataforma;DAM2
172012;2º de CFGS (LOE) - Desarrollo de Aplicaciones Multiplataforma;DAM2
336244;2º de CFGS (LOE) - Desarrollo de Aplicaciones Multiplataforma;DAM2
141088;2º de CFGS (LOE) - Desarrollo de Aplicaciones Multiplataforma;DAM2
1329330;2º de CFGS (LOE) - Desarrollo de Aplicaciones Multiplataforma;DAM2
40243;2º de CFGS (LOE) - Desarrollo de Aplicaciones Multiplataforma;DAM2
240711;2º de CFGS (LOE) - Desarrollo de Aplicaciones Multiplataforma;DAM2
377416;2º de CFGS (LOE) - Desarrollo de Aplicaciones Multiplataforma;DAM2
172450;2º de CFGS (LOE) - Desarrollo de Aplicaciones Multiplataforma;DAM2
381682;2º de CFGS (LOE) - Desarrollo de Aplicaciones Multiplataforma;DAM2
473244;2º de CFGS (LOE) - Desarrollo de Aplicaciones Multiplataforma;DAM2
1398606;2º de CFGS (LOE) - Desarrollo de Aplicaciones Multiplataforma;DAM2
237368;2º de CFGS (LOE) - Desarrollo de Aplicaciones Multiplataforma;DAM2
241253;2º de CFGS (LOE) - Desarrollo de Aplicaciones Multiplataforma;DAM2
1286152;2º de CFGS (LOE) - Desarrollo de Aplicaciones Multiplataforma;DAM2
32589;2º de CFGS (LOE) - Desarrollo de Aplicaciones Multiplataforma;DAM2
238071;2º de CFGS (LOE) - Desarrollo de Aplicaciones Multiplataforma;DAM2
142325;2º de CFGS (LOE) - Desarrollo de Aplicaciones Multiplataforma;DAM2
1329906;CFGS (Mod. E-Learning) (LOE) - Desarrollo de Aplicaciones Multiplataforma;DAM@
240243;1º de CFGM (LOE) - Cocina y Gastronomía;COG1
473128;2º de CFGM (LOE) - Cocina y Gastronomía;COG2
531288;2º de CFGM (LOE) - Cocina y Gastronomía;COG2
52569;2º de CFGM (LOE) - Cocina y Gastronomía;COG2
361292;2º de CFGM (LOE) - Cocina y Gastronomía;COG2
1122908;2º de CFGM (LOE) - Cocina y Gastronomía;COG2
377237;2º de CFGM (LOE) - Cocina y Gastronomía;COG2
334623;2º de CFGM (LOE) - Cocina y Gastronomía;COG2
373375;2º de CFGM (LOE) - Cocina y Gastronomía;COG2
1329470;CFGS (Mod. E-Learning) (LOE) - Gestión de Alojamientos Turísticos;GATUR@
1386893;CFGS (Mod. E-Learning) (LOE) - Gestión de Alojamientos Turísticos;GATUR@
1330176;CFGS (Mod. E-Learning) (LOE) - Gestión de Alojamientos Turísticos;GATUR@
1329270;CFGS (Mod. E-Learning) (LOE) - Gestión de Alojamientos Turísticos;GATUR@
1222392;CFGS (Mod. E-Learning) (LOE) - Gestión de Alojamientos Turísticos;GATUR@
1119682;CFGS (Mod. E-Learning) (LOE) - Gestión de Alojamientos Turísticos;GATUR@
1119699;CFGS (Mod. E-Learning) (LOE) - Gestión de Alojamientos Turísticos;GATUR@
1386593;CFGS (Mod. E-Learning) (LOE) - Gestión de Alojamientos Turísticos;GATUR@
99794;CFGS (Mod. E-Learning) (LOE) - Gestión de Alojamientos Turísticos;GATUR@
1389714;CFGS (Mod. E-Learning) (LOE) - Gestión de Alojamientos Turísticos;GATUR@
38343;CFGS (Mod. E-Learning) (LOE) - Gestión de Alojamientos Turísticos;GATUR@
1397926;CFGS (Mod. E-Learning) (LOE) - Gestión de Alojamientos Turísticos;GATUR@
1023217;CFGS (Mod. E-Learning) (LOE) - Gestión de Alojamientos Turísticos;GATUR@
590939;CFGS (Mod. E-Learning) (LOE) - Gestión de Alojamientos Turísticos;GATUR@
218145;CFGS (Mod. E-Learning) (LOE) - Gestión de Alojamientos Turísticos;GATUR@
1334203;CFGS (Mod. E-Learning) (LOE) - Gestión de Alojamientos Turísticos;GATUR@
1222522;CFGS (Mod. E-Learning) (LOE) - Gestión de Alojamientos Turísticos;GATUR@
169520;CFGS (Mod. E-Learning) (LOE) - Gestión de Alojamientos Turísticos;GATUR@
38225;CFGS (Mod. E-Learning) (LOE) - Gestión de Alojamientos Turísticos;GATUR@
1386332;CFGS (Mod. E-Learning) (LOE) - Gestión de Alojamientos Turísticos;GATUR@
832539;CFGS (Mod. E-Learning) (LOE) - Gestión de Alojamientos Turísticos;GATUR@
1284505;CFGS (Mod. E-Learning) (LOE) - Gestión de Alojamientos Turísticos;GATUR@
1334689;CFGS (Mod. E-Learning) (LOE) - Gestión de Alojamientos Turísticos;GATUR@
1386828;CFGS (Mod. E-Learning) (LOE) - Gestión de Alojamientos Turísticos;GATUR@
1386350;CFGS (Mod. E-Learning) (LOE) - Gestión de Alojamientos Turísticos;GATUR@
188377;CFGS (Mod. E-Learning) (LOE) - Gestión de Alojamientos Turísticos;GATUR@
1390068;CFGS (Mod. E-Learning) (LOE) - Gestión de Alojamientos Turísticos;GATUR@
185608;CFGS (Mod. E-Learning) (LOE) - Gestión de Alojamientos Turísticos;GATUR@
272010;CFGS (Mod. E-Learning) (LOE) - Gestión de Alojamientos Turísticos;GATUR@
1016728;CFGS (Mod. E-Learning) (LOE) - Gestión de Alojamientos Turísticos;GATUR@
168431;CFGS (Mod. E-Learning) (LOE) - Gestión de Alojamientos Turísticos;GATUR@
101078;CFGS (Mod. E-Learning) (LOE) - Gestión de Alojamientos Turísticos;GATUR@
92058;CFGS (Mod. E-Learning) (LOE) - Gestión de Alojamientos Turísticos;GATUR@
295912;1º de CFGS (LOE) - Gestión de Alojamientos Turísticos;GATUR1
528783;2º de CFGM (LOE) - Servicios en Restauración;SREST2
517178;2º de CFGM (LOE) - Servicios en Restauración;SREST2
529080;2º de CFGM (LOE) - Servicios en Restauración;SREST2
517404;1º de CFGM (LOE) - Instalaciones Eléctricas y Automáticas;IEA1
373326;2º de CFGM (LOE) - Instalaciones Eléctricas y Automáticas;IEA2
624272;2º de CFGM (LOE) - Instalaciones Eléctricas y Automáticas;IEA2
373814;2º de CFGM (LOE) - Instalaciones Eléctricas y Automáticas;IEA2
512401;2º de CFGM (LOE) - Instalaciones Eléctricas y Automáticas;IEA2
148112;2º de CFGM (LOE) - Instalaciones Eléctricas y Automáticas;IEA2
511533;2º de CFGM (LOE) - Instalaciones Eléctricas y Automáticas;IEA2
529897;2º de CFGM (LOE) - Instalaciones Eléctricas y Automáticas;IEA2
231585;2º de CFGS (LOE) - Gestión de Alojamientos Turísticos;GATUR2
904373;2º de CFGS (LOE) - Gestión de Alojamientos Turísticos;GATUR2
482574;2º de CFGS (LOE) - Gestión de Alojamientos Turísticos;GATUR2
1394061;2º de CFGS (LOE) - Gestión de Alojamientos Turísticos;GATUR2
296016;2º de CFGS (LOE) - Gestión de Alojamientos Turísticos;GATUR2
333706;2º de CFGS (LOE) - Gestión de Alojamientos Turísticos;GATUR2
546071;2º de CFGS (LOE) - Electromedicina Clínica;ELME2
374613;2º de CFGS (LOE) - Electromedicina Clínica;ELME2
231161;2º de CFGS (LOE) - Electromedicina Clínica;ELME2
170156;2º de CFGS (LOE) - Electromedicina Clínica;ELME2
320902;2º de CFGS (LOE) - Electromedicina Clínica;ELME2
239273;2º de CFGS (LOE) - Electromedicina Clínica;ELME2
232864;2º de CFGS (LOE) - Electromedicina Clínica;ELME2
473806;2º de CFGS (LOE) - Electromedicina Clínica;ELME2
112397;2º de CFGS (LOE) - Electromedicina Clínica;ELME2
624734;2º de FPB - Cocina y Restauración;CORE2
378230;2º de FPB - Cocina y Restauración;CORE2
682836;2º de FPB - Cocina y Restauración;CORE2
1079845;2º de FPB - Cocina y Restauración;CORE2
530093;2º de FPB - Cocina y Restauración;CORE2
593915;2º de FPB - Cocina y Restauración;CORE2
473488;2º de CFGM (LOE) - Mantenimiento Electromecánico;MAEL2
623743;2º de CFGM (LOE) - Mantenimiento Electromecánico;MAEL2
512465;2º de CFGM (LOE) - Mantenimiento Electromecánico;MAEL2
624742;2º de CFGM (LOE) - Mantenimiento Electromecánico;MAEL2
379467;1º de CFGM (LOE) - Mantenimiento Electromecánico;MAEL1
233932;1º de CFGM (LOE) - Mantenimiento Electromecánico;MAEL1
41368;2º de CFGS (LOE) - Dirección de Cocina;DICO2
146149;2º de CFGS (LOE) - Dirección de Cocina;DICO2
160117;2º de CFGS (LOE) - Dirección de Cocina;DICO2
141057;2º de CFGS (LOE) - Dirección de Cocina;DICO2
141058;2º de CFGS (LOE) - Dirección de Cocina;DICO2
147856;2º de CFGS (LOE) - Dirección de Cocina;DICO2
1385519;2º de CFGS (LOE) - Dirección de Cocina;DICO2
1170098;2º de CFGS (LOE) - Dirección de Cocina;DICO2
174709;2º de CFGS (LOE) - Dirección de Cocina;DICO2
34888;2º de CFGS (LOE) - Dirección de Cocina;DICO2
351640;2º de CFGS (LOE) - Dirección de Cocina;DICO2
559564;1º de CFGS (LOE) - Sistemas Electrotécnicos y Automatizados;SEA1
547758;2º de CFGS (LOE) - Sistemas Electrotécnicos y Automatizados;SEA2
542353;2º de CFGS (LOE) - Sistemas Electrotécnicos y Automatizados;SEA2
233332;2º de CFGS (LOE) - Sistemas Electrotécnicos y Automatizados;SEA2
172337;2º de CFGS (LOE) - Sistemas Electrotécnicos y Automatizados;SEA2
375308;2º de CFGS (LOE) - Sistemas Electrotécnicos y Automatizados;SEA2
241685;2º de CFGS (LOE) - Sistemas Electrotécnicos y Automatizados;SEA2
150840;2º de CFGS (LOE) - Sistemas Electrotécnicos y Automatizados;SEA2
1337966;2º de CFGS (LOE) - Sistemas Electrotécnicos y Automatizados;SEA2
1326925;2º de CFGS (LOE) - Sistemas Electrotécnicos y Automatizados;SEA2
1272863;2º de CFGS (LOE) - Sistemas Electrotécnicos y Automatizados;SEA2
382451;2º de CFGS (LOE) - Sistemas Electrotécnicos y Automatizados;SEA2
1385918;CFGS (Mod. Presencial) (LOE) - Gestión de Alojamientos Turísticos;GATUR-MOD
1330221;CFGS (Mod. Presencial) (LOE) - Gestión de Alojamientos Turísticos;GATUR-MOD
1390084;CFGS (Mod. Presencial) (LOE) - Gestión de Alojamientos Turísticos;GATUR-MOD
165160;CFGS (Mod. Presencial) (LOE) - Gestión de Alojamientos Turísticos;GATUR-MOD
156391;CFGS (Mod. Presencial) (LOE) - Gestión de Alojamientos Turísticos;GATUR-MOD
464879;CFGS (Mod. Presencial) (LOE) - Gestión de Alojamientos Turísticos;GATUR-MOD
284320;CFGS (Mod. Presencial) (LOE) - Gestión de Alojamientos Turísticos;GATUR-MOD
375336;1º de CFGM (LOE) - Cocina y Gastronomía;COG1
525648;1º de CFGM (LOE) - Cocina y Gastronomía;COG1
511605;1º de CFGM (LOE) - Cocina y Gastronomía;COG1
838701;1º de CFGM (LOE) - Cocina y Gastronomía;COG1
591424;1º de CFGM (LOE) - Cocina y Gastronomía;COG1
146103;1º de CFGM (LOE) - Cocina y Gastronomía;COG1
150772;1º de CFGM (LOE) - Cocina y Gastronomía;COG1
958056;1º de CFGM (LOE) - Cocina y Gastronomía;COG1
201839;1º de CFGM (LOE) - Servicios en Restauración;SREST1
605448;1º de CFGM (LOE) - Servicios en Restauración;SREST1
680405;1º de CFGM (LOE) - Servicios en Restauración;SREST1
49353;1º de CFGM (LOE) - Servicios en Restauración;SREST1
147322;1º de CFGM (LOE) - Servicios en Restauración;SREST1
542149;1º de CFGM (LOE) - Servicios en Restauración;SREST1
1277400;CFGM (Mod. Presencial) (LOE) - Cocina y Gastronomía;COG-MOD
1455031;CFGS (Mod. E-Learning) (LOE) - Gestión de Alojamientos Turísticos;GATUR@
389828;CFGS (Mod. E-Learning) (LOE) - Gestión de Alojamientos Turísticos;GATUR@
1334745;CFGS (Mod. E-Learning) (LOE) - Gestión de Alojamientos Turísticos;GATUR@
170814;CFGS (Mod. E-Learning) (LOE) - Gestión de Alojamientos Turísticos;GATUR@
1455372;CFGS (Mod. E-Learning) (LOE) - Gestión de Alojamientos Turísticos;GATUR@
1456719;CFGS (Mod. E-Learning) (LOE) - Gestión de Alojamientos Turísticos;GATUR@
1222448;CFGS (Mod. E-Learning) (LOE) - Gestión de Alojamientos Turísticos;GATUR@
1468451;CFGS (Mod. E-Learning) (LOE) - Gestión de Alojamientos Turísticos;GATUR@
1468142;CFGS (Mod. E-Learning) (LOE) - Gestión de Alojamientos Turísticos;GATUR@
1503229;CFGS (Mod. E-Learning) (LOE) - Gestión de Alojamientos Turísticos;GATUR@
1464747;CFGS (Mod. E-Learning) (LOE) - Gestión de Alojamientos Turísticos;GATUR@
1344101;CFGS (Mod. E-Learning) (LOE) - Gestión de Alojamientos Turísticos;GATUR@
965813;CFGS (Mod. E-Learning) (LOE) - Gestión de Alojamientos Turísticos;GATUR@
1125630;CFGS (Mod. E-Learning) (LOE) - Gestión de Alojamientos Turísticos;GATUR@
181485;CFGS (Mod. E-Learning) (LOE) - Gestión de Alojamientos Turísticos;GATUR@
356602;CFGS (Mod. E-Learning) (LOE) - Gestión de Alojamientos Turísticos;GATUR@
888198;CFGS (Mod. E-Learning) (LOE) - Gestión de Alojamientos Turísticos;GATUR@
1355520;CFGS (Mod. E-Learning) (LOE) - Gestión de Alojamientos Turísticos;GATUR@
165349;CFGS (Mod. E-Learning) (LOE) - Gestión de Alojamientos Turísticos;GATUR@
237756;CFGS (Mod. E-Learning) (LOE) - Gestión de Alojamientos Turísticos;GATUR@
146718;CFGS (Mod. E-Learning) (LOE) - Gestión de Alojamientos Turísticos;GATUR@
706547;CFGS (Mod. E-Learning) (LOE) - Gestión de Alojamientos Turísticos;GATUR@
697660;CFGS (Mod. E-Learning) (LOE) - Gestión de Alojamientos Turísticos;GATUR@
1456408;CFGS (Mod. E-Learning) (LOE) - Gestión de Alojamientos Turísticos;GATUR@
548622;CFGS (Mod. E-Learning) (LOE) - Gestión de Alojamientos Turísticos;GATUR@
311657;CFGS (Mod. E-Learning) (LOE) - Gestión de Alojamientos Turísticos;GATUR@
317178;CFGS (Mod. E-Learning) (LOE) - Gestión de Alojamientos Turísticos;GATUR@
1457304;CFGS (Mod. E-Learning) (LOE) - Gestión de Alojamientos Turísticos;GATUR@
1449425;CFGS (Mod. E-Learning) (LOE) - Gestión de Alojamientos Turísticos;GATUR@
1457503;CFGS (Mod. E-Learning) (LOE) - Gestión de Alojamientos Turísticos;GATUR@
296097;CFGS (Mod. E-Learning) (LOE) - Gestión de Alojamientos Turísticos;GATUR@
555920;CFGS (Mod. E-Learning) (LOE) - Gestión de Alojamientos Turísticos;GATUR@
1455195;CFGS (Mod. E-Learning) (LOE) - Gestión de Alojamientos Turísticos;GATUR@
1457439;CFGS (Mod. E-Learning) (LOE) - Gestión de Alojamientos Turísticos;GATUR@
1462331;CFGS (Mod. E-Learning) (LOE) - Gestión de Alojamientos Turísticos;GATUR@
1464510;CFGS (Mod. E-Learning) (LOE) - Gestión de Alojamientos Turísticos;GATUR@
139938;CFGS (Mod. E-Learning) (LOE) - Gestión de Alojamientos Turísticos;GATUR@
49255;CFGS (Mod. E-Learning) (LOE) - Gestión de Alojamientos Turísticos;GATUR@
49599;CFGS (Mod. E-Learning) (LOE) - Gestión de Alojamientos Turísticos;GATUR@
182698;CFGS (Mod. E-Learning) (LOE) - Gestión de Alojamientos Turísticos;GATUR@
1293993;CFGS (Mod. E-Learning) (LOE) - Gestión de Alojamientos Turísticos;GATUR@
690347;CFGS (Mod. E-Learning) (LOE) - Gestión de Alojamientos Turísticos;GATUR@
95931;CFGS (Mod. E-Learning) (LOE) - Gestión de Alojamientos Turísticos;GATUR@
1291089;CFGS (Mod. E-Learning) (LOE) - Gestión de Alojamientos Turísticos;GATUR@
1030815;CFGS (Mod. E-Learning) (LOE) - Gestión de Alojamientos Turísticos;GATUR@
1456192;CFGS (Mod. E-Learning) (LOE) - Gestión de Alojamientos Turísticos;GATUR@
1489329;CFGS (Mod. E-Learning) (LOE) - Gestión de Alojamientos Turísticos;GATUR@
1462229;1º de CFGS (LOE) - Gestión de Alojamientos Turísticos;GATUR1
334595;1º de CFGS (LOE) - Gestión de Alojamientos Turísticos;GATUR1
1463569;1º de CFGS (LOE) - Gestión de Alojamientos Turísticos;GATUR1
336226;1º de CFGS (LOE) - Gestión de Alojamientos Turísticos;GATUR1
512625;1º de CFGS (LOE) - Gestión de Alojamientos Turísticos;GATUR1
141049;1º de CFGS (LOE) - Gestión de Alojamientos Turísticos;GATUR1
142410;1º de CFGS (LOE) - Gestión de Alojamientos Turísticos;GATUR1
480851;1º de CFGS (LOE) - Gestión de Alojamientos Turísticos;GATUR1
559141;1º de CFGS (LOE) - Gestión de Alojamientos Turísticos;GATUR1
37279;1º de CFGS (LOE) - Gestión de Alojamientos Turísticos;GATUR1
1131232;1º de CFGM (LOE) - Instalaciones Eléctricas y Automáticas;IEA1
490041;1º de CFGM (LOE) - Instalaciones Eléctricas y Automáticas;IEA1
1016562;1º de CFGM (LOE) - Instalaciones Eléctricas y Automáticas;IEA1
683276;1º de CFGM (LOE) - Instalaciones Eléctricas y Automáticas;IEA1
683269;1º de CFGM (LOE) - Instalaciones Eléctricas y Automáticas;IEA1
529293;1º de CFGM (LOE) - Instalaciones Eléctricas y Automáticas;IEA1
624458;1º de CFGM (LOE) - Instalaciones Eléctricas y Automáticas;IEA1
1115572;1º de CFGM (LOE) - Instalaciones Eléctricas y Automáticas;IEA1
334446;1º de CFGM (LOE) - Instalaciones Eléctricas y Automáticas;IEA1
658867;1º de CFGM (LOE) - Instalaciones Eléctricas y Automáticas;IEA1
505038;1º de CFGM (LOE) - Instalaciones Eléctricas y Automáticas;IEA1
630152;1º de CFGM (LOE) - Instalaciones Eléctricas y Automáticas;IEA1
679258;1º de CFGM (LOE) - Instalaciones Eléctricas y Automáticas;IEA1
147197;1º de CFGM (LOE) - Instalaciones Eléctricas y Automáticas;IEA1
662868;1º de CFGM (LOE) - Instalaciones Eléctricas y Automáticas;IEA1
239406;1º de CFGM (LOE) - Instalaciones Eléctricas y Automáticas;IEA1
723808;1º de CFGM (LOE) - Instalaciones Eléctricas y Automáticas;IEA1
531226;1º de CFGM (LOE) - Instalaciones Eléctricas y Automáticas;IEA1
386901;1º de CFGM (LOE) - Instalaciones Eléctricas y Automáticas;IEA1
658550;1º de CFGM (LOE) - Sistemas Microinformáticos y Redes;SMR1
512845;1º de CFGM (LOE) - Sistemas Microinformáticos y Redes;SMR1
677557;1º de CFGM (LOE) - Sistemas Microinformáticos y Redes;SMR1
687462;1º de CFGM (LOE) - Sistemas Microinformáticos y Redes;SMR1
670012;1º de CFGM (LOE) - Sistemas Microinformáticos y Redes;SMR1
595875;1º de CFGM (LOE) - Sistemas Microinformáticos y Redes;SMR1
172034;1º de CFGM (LOE) - Sistemas Microinformáticos y Redes;SMR1
172566;1º de CFGM (LOE) - Sistemas Microinformáticos y Redes;SMR1
235853;1º de CFGM (LOE) - Sistemas Microinformáticos y Redes;SMR1
372823;1º de CFGM (LOE) - Sistemas Microinformáticos y Redes;SMR1
591823;1º de CFGM (LOE) - Sistemas Microinformáticos y Redes;SMR1
240274;1º de CFGM (LOE) - Sistemas Microinformáticos y Redes;SMR1
535756;1º de CFGM (LOE) - Sistemas Microinformáticos y Redes;SMR1
518392;1º de CFGM (LOE) - Sistemas Microinformáticos y Redes;SMR1
515573;1º de CFGM (LOE) - Sistemas Microinformáticos y Redes;SMR1
591585;1º de CFGM (LOE) - Sistemas Microinformáticos y Redes;SMR1
918804;1º de CFGM (LOE) - Sistemas Microinformáticos y Redes;SMR1
1040956;1º de CFGM (LOE) - Sistemas Microinformáticos y Redes;SMR1
382119;1º de CFGM (LOE) - Sistemas Microinformáticos y Redes;SMR1
592725;1º de CFGM (LOE) - Sistemas Microinformáticos y Redes;SMR1
680425;1º de CFGM (LOE) - Sistemas Microinformáticos y Redes;SMR1
599185;1º de CFGM (LOE) - Sistemas Microinformáticos y Redes;SMR1
542116;1º de CFGS (LOE) - Electromedicina Clínica;ELME1
235111;1º de CFGS (LOE) - Electromedicina Clínica;ELME1
529048;1º de CFGS (LOE) - Electromedicina Clínica;ELME1
235813;1º de CFGS (LOE) - Electromedicina Clínica;ELME1
514951;1º de CFGS (LOE) - Electromedicina Clínica;ELME1
1223431;1º de CFGS (LOE) - Electromedicina Clínica;ELME1
239215;1º de CFGS (LOE) - Electromedicina Clínica;ELME1
519668;1º de CFGS (LOE) - Electromedicina Clínica;ELME1
235139;1º de CFGS (LOE) - Electromedicina Clínica;ELME1
662873;1º de CFGM (LOE) - Aprovechamiento y Conservación del Medio Natural;ACMN1
591500;1º de CFGM (LOE) - Aprovechamiento y Conservación del Medio Natural;ACMN1
377234;1º de CFGM (LOE) - Aprovechamiento y Conservación del Medio Natural;ACMN1
624469;1º de CFGM (LOE) - Aprovechamiento y Conservación del Medio Natural;ACMN1
624737;1º de CFGM (LOE) - Aprovechamiento y Conservación del Medio Natural;ACMN1
624542;1º de CFGM (LOE) - Aprovechamiento y Conservación del Medio Natural;ACMN1
247962;1º de CFGM (LOE) - Aprovechamiento y Conservación del Medio Natural;ACMN1
518807;1º de CFGM (LOE) - Aprovechamiento y Conservación del Medio Natural;ACMN1
591947;1º de CFGM (LOE) - Aprovechamiento y Conservación del Medio Natural;ACMN1
623903;1º de CFGM (LOE) - Aprovechamiento y Conservación del Medio Natural;ACMN1
592440;1º de CFGM (LOE) - Aprovechamiento y Conservación del Medio Natural;ACMN1
235567;1º de CFGM (LOE) - Aprovechamiento y Conservación del Medio Natural;ACMN1
511039;1º de CFGM (LOE) - Aprovechamiento y Conservación del Medio Natural;ACMN1
548948;1º de CFGM (LOE) - Aprovechamiento y Conservación del Medio Natural;ACMN1
591347;1º de CFGM (LOE) - Aprovechamiento y Conservación del Medio Natural;ACMN1
593387;1º de CFGM (LOE) - Aprovechamiento y Conservación del Medio Natural;ACMN1
482922;Curso de Especialización en Ciberseguridad en entornos de las tecnologías de la información;CIBER
1028167;Curso de Especialización en Ciberseguridad en entornos de las tecnologías de la información;CIBER
676866;Curso de Especialización en Ciberseguridad en entornos de las tecnologías de la información;CIBER
148040;Curso de Especialización en Ciberseguridad en entornos de las tecnologías de la información;CIBER
150320;Curso de Especialización en Ciberseguridad en entornos de las tecnologías de la información;CIBER
40243;Curso de Especialización en Ciberseguridad en entornos de las tecnologías de la información;CIBER
64794;Curso de Especialización en Ciberseguridad en entornos de las tecnologías de la información;CIBER
147433;1º de CFGM (LOE) - Producción Agropecuaria;PAGRO1
658790;1º de CFGM (LOE) - Producción Agropecuaria;PAGRO1
41960;1º de CFGM (LOE) - Producción Agropecuaria;PAGRO1
377724;1º de CFGM (LOE) - Producción Agropecuaria;PAGRO1
1328660;1º de CFGM (LOE) - Producción Agropecuaria;PAGRO1
624692;1º de CFGM (LOE) - Producción Agropecuaria;PAGRO1
237743;1º de CFGS (LOE) - Administración de Sistemas Informáticos en Red;ASIR1
378437;1º de CFGS (LOE) - Administración de Sistemas Informáticos en Red;ASIR1
474222;1º de CFGS (LOE) - Administración de Sistemas Informáticos en Red;ASIR1
44117;1º de CFGS (LOE) - Administración de Sistemas Informáticos en Red;ASIR1
235728;1º de CFGS (LOE) - Administración de Sistemas Informáticos en Red;ASIR1
542512;1º de CFGS (LOE) - Administración de Sistemas Informáticos en Red;ASIR1
524483;1º de CFGS (LOE) - Administración de Sistemas Informáticos en Red;ASIR1
373110;1º de CFGS (LOE) - Administración de Sistemas Informáticos en Red;ASIR1
237604;1º de CFGS (LOE) - Administración de Sistemas Informáticos en Red;ASIR1
1084714;1º de CFGS (LOE) - Administración de Sistemas Informáticos en Red;ASIR1
1486769;1º de CFGS (LOE) - Administración de Sistemas Informáticos en Red;ASIR1
235877;1º de CFGS (LOE) - Animaciones 3D, Juegos y Entornos Interactivos;A3D1
474039;1º de CFGS (LOE) - Animaciones 3D, Juegos y Entornos Interactivos;A3D1
1487111;1º de CFGS (LOE) - Animaciones 3D, Juegos y Entornos Interactivos;A3D1
348891;1º de CFGS (LOE) - Animaciones 3D, Juegos y Entornos Interactivos;A3D1
147246;1º de CFGS (LOE) - Animaciones 3D, Juegos y Entornos Interactivos;A3D1
148043;1º de CFGS (LOE) - Animaciones 3D, Juegos y Entornos Interactivos;A3D1
902465;1º de CFGS (LOE) - Animaciones 3D, Juegos y Entornos Interactivos;A3D1
1394168;1º de CFGS (LOE) - Animaciones 3D, Juegos y Entornos Interactivos;A3D1
147339;1º de CFGS (LOE) - Animaciones 3D, Juegos y Entornos Interactivos;A3D1
1486789;1º de CFGS (LOE) - Animaciones 3D, Juegos y Entornos Interactivos;A3D1
343562;1º de CFGS (LOE) - Animaciones 3D, Juegos y Entornos Interactivos;A3D1
374019;1º de CFGS (LOE) - Animaciones 3D, Juegos y Entornos Interactivos;A3D1
531517;1º de CFGS (LOE) - Animaciones 3D, Juegos y Entornos Interactivos;A3D1
149035;1º de CFGS (LOE) - Animaciones 3D, Juegos y Entornos Interactivos;A3D1
542128;1º de CFGS (LOE) - Animaciones 3D, Juegos y Entornos Interactivos;A3D1
170458;1º de CFGS (LOE) - Animaciones 3D, Juegos y Entornos Interactivos;A3D1
514571;1º de CFGS (LOE) - Animaciones 3D, Juegos y Entornos Interactivos;A3D1
199424;1º de CFGS (LOE) - Animaciones 3D, Juegos y Entornos Interactivos;A3D1
387610;1º de CFGS (LOE) - Animaciones 3D, Juegos y Entornos Interactivos;A3D1
1497812;1º de CFGS (LOE) - Animaciones 3D, Juegos y Entornos Interactivos;A3D1
591852;1º de CFGM (LOE) - Mantenimiento Electromecánico;MAEL1
515593;1º de CFGM (LOE) - Mantenimiento Electromecánico;MAEL1
391415;1º de CFGM (LOE) - Mantenimiento Electromecánico;MAEL1
512282;1º de CFGM (LOE) - Mantenimiento Electromecánico;MAEL1
515373;1º de CFGM (LOE) - Mantenimiento Electromecánico;MAEL1
64463;1º de CFGM (LOE) - Mantenimiento Electromecánico;MAEL1
522324;1º de CFGM (LOE) - Mantenimiento Electromecánico;MAEL1
662920;1º de CFGM (LOE) - Mantenimiento Electromecánico;MAEL1
377451;1º de CFGM (LOE) - Mantenimiento Electromecánico;MAEL1
511877;1º de CFGM (LOE) - Mantenimiento Electromecánico;MAEL1
517412;1º de CFGM (LOE) - Mantenimiento Electromecánico;MAEL1
598972;1º de CFGM (LOE) - Mantenimiento Electromecánico;MAEL1
90371;1º de CFGM (LOE) - Mantenimiento Electromecánico;MAEL1
1379537;2º de CFGS (LOE) - Desarrollo de Aplicaciones Web;DAW2
142325;2º de CFGS (LOE) - Desarrollo de Aplicaciones Web;DAW2
150320;1º de CFGS (LOE) - Desarrollo de Aplicaciones Multiplataforma;DAM1
241103;1º de CFGS (LOE) - Desarrollo de Aplicaciones Multiplataforma;DAM1
32338;1º de CFGS (LOE) - Desarrollo de Aplicaciones Multiplataforma;DAM1
479372;1º de CFGS (LOE) - Desarrollo de Aplicaciones Multiplataforma;DAM1
295973;1º de CFGS (LOE) - Desarrollo de Aplicaciones Multiplataforma;DAM1
139309;1º de CFGS (LOE) - Desarrollo de Aplicaciones Multiplataforma;DAM1
143628;1º de CFGS (LOE) - Desarrollo de Aplicaciones Multiplataforma;DAM1
240108;1º de CFGS (LOE) - Desarrollo de Aplicaciones Multiplataforma;DAM1
56767;1º de CFGS (LOE) - Desarrollo de Aplicaciones Multiplataforma;DAM1
228023;1º de CFGS (LOE) - Desarrollo de Aplicaciones Multiplataforma;DAM1
784291;1º de CFGS (LOE) - Desarrollo de Aplicaciones Multiplataforma;DAM1
1396976;1º de CFGS (LOE) - Desarrollo de Aplicaciones Multiplataforma;DAM1
516940;1º de CFGS (LOE) - Desarrollo de Aplicaciones Multiplataforma;DAM1
172370;1º de CFGS (LOE) - Desarrollo de Aplicaciones Multiplataforma;DAM1
514590;1º de CFGS (LOE) - Desarrollo de Aplicaciones Multiplataforma;DAM1
363905;1º de CFGS (LOE) - Desarrollo de Aplicaciones Multiplataforma;DAM1
187815;1º de CFGS (LOE) - Desarrollo de Aplicaciones Multiplataforma;DAM1
380004;1º de CFGS (LOE) - Desarrollo de Aplicaciones Multiplataforma;DAM1
1452418;1º de CFGS (LOE) - Desarrollo de Aplicaciones Web;DAW1
1394014;1º de CFGS (LOE) - Desarrollo de Aplicaciones Web;DAW1
172508;1º de CFGS (LOE) - Desarrollo de Aplicaciones Web;DAW1
531308;1º de CFGS (LOE) - Desarrollo de Aplicaciones Web;DAW1
513121;1º de CFGS (LOE) - Desarrollo de Aplicaciones Web;DAW1
512392;1º de CFGS (LOE) - Desarrollo de Aplicaciones Web;DAW1
784290;1º de CFGS (LOE) - Desarrollo de Aplicaciones Web;DAW1
529181;1º de CFGS (LOE) - Desarrollo de Aplicaciones Web;DAW1
334707;1º de CFGS (LOE) - Desarrollo de Aplicaciones Web;DAW1
53140;1º de CFGS (LOE) - Desarrollo de Aplicaciones Web;DAW1
474427;1º de CFGS (LOE) - Desarrollo de Aplicaciones Web;DAW1
373257;1º de CFGS (LOE) - Desarrollo de Aplicaciones Web;DAW1
63760;1º de CFGS (LOE) - Desarrollo de Aplicaciones Web;DAW1
518015;1º de CFGS (LOE) - Desarrollo de Aplicaciones Web;DAW1
676866;1º de CFGS (LOE) - Desarrollo de Aplicaciones Web;DAW1
389438;1º de CFGS (LOE) - Desarrollo de Aplicaciones Web;DAW1
1452105;1º de CFGS (LOE) - Gestión Forestal y del Medio Natural;GFMN1
32536;1º de CFGS (LOE) - Gestión Forestal y del Medio Natural;GFMN1
373789;1º de CFGS (LOE) - Gestión Forestal y del Medio Natural;GFMN1
234942;1º de CFGS (LOE) - Gestión Forestal y del Medio Natural;GFMN1
386271;1º de CFGS (LOE) - Gestión Forestal y del Medio Natural;GFMN1
382185;1º de CFGS (LOE) - Gestión Forestal y del Medio Natural;GFMN1
516532;1º de CFGS (LOE) - Gestión Forestal y del Medio Natural;GFMN1
518059;1º de CFGS (LOE) - Gestión Forestal y del Medio Natural;GFMN1
54961;1º de CFGS (LOE) - Gestión Forestal y del Medio Natural;GFMN1
1176336;1º de CFGS (LOE) - Gestión Forestal y del Medio Natural;GFMN1
514903;1º de CFGS (LOE) - Gestión Forestal y del Medio Natural;GFMN1
344304;1º de CFGS (LOE) - Gestión Forestal y del Medio Natural;GFMN1
338355;1º de CFGS (LOE) - Dirección de Cocina;DICO1
172551;1º de CFGS (LOE) - Dirección de Cocina;DICO1
1127291;1º de CFGS (LOE) - Dirección de Cocina;DICO1
241632;1º de CFGS (LOE) - Dirección de Cocina;DICO1
512895;1º de CFGS (LOE) - Dirección de Cocina;DICO1
562367;1º de CFGS (LOE) - Dirección de Cocina;DICO1
1448250;1º de CFGS (LOE) - Dirección de Cocina;DICO1
897230;1º de CFGS (LOE) - Dirección de Cocina;DICO1
334796;1º de CFGS (LOE) - Sistemas Electrotécnicos y Automatizados;SEA1
373300;1º de CFGS (LOE) - Sistemas Electrotécnicos y Automatizados;SEA1
334604;1º de CFGS (LOE) - Sistemas Electrotécnicos y Automatizados;SEA1
378270;1º de CFGS (LOE) - Sistemas Electrotécnicos y Automatizados;SEA1
334036;1º de CFGS (LOE) - Sistemas Electrotécnicos y Automatizados;SEA1
248215;1º de CFGS (LOE) - Sistemas Electrotécnicos y Automatizados;SEA1
380583;1º de CFGS (LOE) - Sistemas Electrotécnicos y Automatizados;SEA1
387371;1º de CFGS (LOE) - Sistemas Electrotécnicos y Automatizados;SEA1
1084714;CFGS (Mod. E-Learning) (LOE) - Desarrollo de Aplicaciones Multiplataforma;DAM@
1456895;CFGS (Mod. E-Learning) (LOE) - Desarrollo de Aplicaciones Multiplataforma;DAM@
172363;CFGS (Mod. E-Learning) (LOE) - Desarrollo de Aplicaciones Multiplataforma;DAM@
1453017;CFGS (Mod. E-Learning) (LOE) - Desarrollo de Aplicaciones Multiplataforma;DAM@
1455027;CFGS (Mod. E-Learning) (LOE) - Desarrollo de Aplicaciones Multiplataforma;DAM@
547768;CFGS (Mod. E-Learning) (LOE) - Desarrollo de Aplicaciones Multiplataforma;DAM@
1330314;CFGS (Mod. E-Learning) (LOE) - Desarrollo de Aplicaciones Multiplataforma;DAM@
1462509;CFGS (Mod. E-Learning) (LOE) - Desarrollo de Aplicaciones Multiplataforma;DAM@
1456401;CFGS (Mod. E-Learning) (LOE) - Desarrollo de Aplicaciones Multiplataforma;DAM@
334504;CFGS (Mod. E-Learning) (LOE) - Desarrollo de Aplicaciones Multiplataforma;DAM@
1462833;CFGS (Mod. E-Learning) (LOE) - Desarrollo de Aplicaciones Multiplataforma;DAM@
1454485;CFGS (Mod. E-Learning) (LOE) - Desarrollo de Aplicaciones Multiplataforma;DAM@
1329161;CFGS (Mod. E-Learning) (LOE) - Desarrollo de Aplicaciones Multiplataforma;DAM@
172513;CFGS (Mod. E-Learning) (LOE) - Desarrollo de Aplicaciones Multiplataforma;DAM@
550740;CFGS (Mod. E-Learning) (LOE) - Desarrollo de Aplicaciones Multiplataforma;DAM@
1465471;CFGS (Mod. E-Learning) (LOE) - Desarrollo de Aplicaciones Multiplataforma;DAM@
1456249;CFGS (Mod. E-Learning) (LOE) - Desarrollo de Aplicaciones Multiplataforma;DAM@
1455303;CFGS (Mod. E-Learning) (LOE) - Desarrollo de Aplicaciones Multiplataforma;DAM@
1468645;CFGS (Mod. E-Learning) (LOE) - Desarrollo de Aplicaciones Multiplataforma;DAM@
1457073;CFGS (Mod. E-Learning) (LOE) - Desarrollo de Aplicaciones Multiplataforma;DAM@
1457017;CFGS (Mod. E-Learning) (LOE) - Desarrollo de Aplicaciones Multiplataforma;DAM@
1386649;CFGS (Mod. E-Learning) (LOE) - Desarrollo de Aplicaciones Multiplataforma;DAM@
314922;CFGS (Mod. E-Learning) (LOE) - Desarrollo de Aplicaciones Multiplataforma;DAM@
1456903;CFGS (Mod. E-Learning) (LOE) - Desarrollo de Aplicaciones Multiplataforma;DAM@
314845;CFGS (Mod. E-Learning) (LOE) - Desarrollo de Aplicaciones Multiplataforma;DAM@
1330360;CFGS (Mod. E-Learning) (LOE) - Desarrollo de Aplicaciones Multiplataforma;DAM@
1455350;CFGS (Mod. E-Learning) (LOE) - Desarrollo de Aplicaciones Multiplataforma;DAM@
1169695;CFGS (Mod. E-Learning) (LOE) - Desarrollo de Aplicaciones Multiplataforma;DAM@
437379;CFGS (Mod. E-Learning) (LOE) - Desarrollo de Aplicaciones Multiplataforma;DAM@
145338;CFGS (Mod. E-Learning) (LOE) - Desarrollo de Aplicaciones Multiplataforma;DAM@
42622;CFGS (Mod. E-Learning) (LOE) - Desarrollo de Aplicaciones Multiplataforma;DAM@
1079926;CFGS (Mod. E-Learning) (LOE) - Desarrollo de Aplicaciones Multiplataforma;DAM@
171143;CFGS (Mod. E-Learning) (LOE) - Desarrollo de Aplicaciones Multiplataforma;DAM@
243403;CFGS (Mod. E-Learning) (LOE) - Desarrollo de Aplicaciones Multiplataforma;DAM@
785811;CFGS (Mod. E-Learning) (LOE) - Desarrollo de Aplicaciones Multiplataforma;DAM@
143609;CFGS (Mod. E-Learning) (LOE) - Desarrollo de Aplicaciones Multiplataforma;DAM@
38436;CFGS (Mod. E-Learning) (LOE) - Desarrollo de Aplicaciones Multiplataforma;DAM@
1027992;CFGS (Mod. E-Learning) (LOE) - Desarrollo de Aplicaciones Multiplataforma;DAM@
1328059;CFGS (Mod. E-Learning) (LOE) - Desarrollo de Aplicaciones Multiplataforma;DAM@
542586;CFGS (Mod. E-Learning) (LOE) - Desarrollo de Aplicaciones Multiplataforma;DAM@
437588;CFGS (Mod. E-Learning) (LOE) - Desarrollo de Aplicaciones Multiplataforma;DAM@
35611;CFGS (Mod. E-Learning) (LOE) - Desarrollo de Aplicaciones Multiplataforma;DAM@
70850;CFGS (Mod. E-Learning) (LOE) - Desarrollo de Aplicaciones Multiplataforma;DAM@
1469458;CFGS (Mod. E-Learning) (LOE) - Desarrollo de Aplicaciones Multiplataforma;DAM@
238636;CFGS (Mod. E-Learning) (LOE) - Desarrollo de Aplicaciones Multiplataforma;DAM@
1223269;CFGS (Mod. Presencial) (LOE) - Desarrollo de Aplicaciones Multiplataforma;DAM-MOD
459340;Curso de Especialización en Desarrollo de videojuegos y realidad virtual;VIDEO
542173;Curso de Especialización en Desarrollo de videojuegos y realidad virtual;VIDEO
675494;1º CFGB - Electricidad y electrónica;ELE1
665559;1º CFGB - Electricidad y electrónica;ELE1
592010;1º CFGB - Electricidad y electrónica;ELE1
623385;1º CFGB - Electricidad y electrónica;ELE1
680805;1º CFGB - Electricidad y electrónica;ELE1
683245;1º CFGB - Electricidad y electrónica;ELE1
674175;1º CFGB - Electricidad y electrónica;ELE1
679473;1º CFGB - Electricidad y electrónica;ELE1
741556;1º CFGB - Electricidad y electrónica;ELE1
720458;1º CFGB - Electricidad y electrónica;ELE1
529062;1º CFGB - Cocina y restauración;CORE1
624844;1º CFGB - Cocina y restauración;CORE1
722200;1º CFGB - Cocina y restauración;CORE1
1073290;1º CFGB - Cocina y restauración;CORE1
658445;1º CFGB - Cocina y restauración;CORE1
743914;1º CFGB - Cocina y restauración;CORE1
1237887;1º CFGB - Cocina y restauración;CORE1
598908;1º CFGB - Cocina y restauración;CORE1
692870;1º CFGB - Cocina y restauración;CORE1
729588;1º CFGB - Cocina y restauración;CORE1
1452954;1º CFGB - Aprovechamientos forestales;AFOR1
714776;1º CFGB - Aprovechamientos forestales;AFOR1
682586;1º CFGB - Aprovechamientos forestales;AFOR1
723679;1º CFGB - Aprovechamientos forestales;AFOR1
170113;CFGB (Mod. Presencial) - Actividades agropecuarias;PGJ-ActGan
214271;CFGB (Mod. Presencial) - Actividades agropecuarias;PGJ-ActGan
683117;CFGB (Mod. Presencial) - Actividades agropecuarias;PGJ-ActGan
687597;CFGB (Mod. Presencial) - Actividades agropecuarias;PGJ-ActGan
786703;CFGB (Mod. Presencial) - Actividades agropecuarias;PGJ-ActGan
1519990;CFGB (Mod. Presencial) - Actividades agropecuarias;PGJ-ActGan
678748;CFGB (Mod. Presencial) - Actividades agropecuarias;PGJ-ActGan
681265;CFGB (Mod. Presencial) - Actividades agropecuarias;PGJ-ActGan
663559;CFGB (Mod. Presencial) - Actividades agropecuarias;PGJ-ActGan
862086;CFGB (Mod. Presencial) - Actividades agropecuarias;PGJ-ActGan
1267775;1º CFGB - Aprovechamientos forestales;AFOR1
1278917;2º de CFGS (LOE) - Electromedicina Clínica;ELME2
233750;2º de CFGS (LOE) - Administración de Sistemas Informáticos en Red;ASIR2
233609;2º de CFGS (LOE) - Administración de Sistemas Informáticos en Red;ASIR2
233721;1º de CFGM (LOE) - Cocina y Gastronomía;COG1
233614;1º de CFGS (LOE) - Sistemas Electrotécnicos y Automatizados;SEA1
137486;2º de CFGS (LOE) - Administración de Sistemas Informáticos en Red;ASIR2
137744;1º de CFGM (LOE) - Producción Agropecuaria;PAGRO1
583187;2º de CFGS (LOE) - Administración de Sistemas Informáticos en Red;ASIR2
192073;2º de CFGS (LOE) - Administración de Sistemas Informáticos en Red;ASIR2
353221;2º de CFGS (LOE) - Administración de Sistemas Informáticos en Red;ASIR2
353292;1º de CFGS (LOE) - Sistemas Electrotécnicos y Automatizados;SEA1
171449;2º de CFGS (LOE) - Desarrollo de Aplicaciones Web;DAW2
171437;2º de CFGS (LOE) - Desarrollo de Aplicaciones Web;DAW2
171567;2º de CFGS (LOE) - Desarrollo de Aplicaciones Multiplataforma;DAM2
171597;2º de CFGS (LOE) - Electromedicina Clínica;ELME2
171599;2º de CFGM (LOE) - Mantenimiento Electromecánico;MAEL2
171217;2º de CFGS (LOE) - Dirección de Cocina;DICO2
171224;1º de CFGS (LOE) - Desarrollo de Aplicaciones Multiplataforma;DAM1
171443;1º de CFGS (LOE) - Gestión Forestal y del Medio Natural;GFMN1
213101;2º de CFGS (LOE) - Desarrollo de Aplicaciones Web;DAW2
349381;1º de CFGS (LOE) - Desarrollo de Aplicaciones Multiplataforma;DAM1
349104;CFGS (Mod. Presencial) (LOE) - Gestión de Alojamientos Turísticos;GATUR-MOD
367941;1º de CFGS (LOE) - Desarrollo de Aplicaciones Web;DAW1
175552;2º de CFGS (LOE) - Gestión Forestal y del Medio Natural;GFMN2B
175558;2º de CFGS (LOE) - Dirección de Cocina;DICO2
77753;2º de CFGS (LOE) - Gestión Forestal y del Medio Natural;GFMN2A
71458;2º de CFGS (LOE) - Gestión Forestal y del Medio Natural;GFMN2A
1384685;2º de CFGS (LOE) - Gestión Forestal y del Medio Natural;GFMN2B
640437;2º de CFGS (LOE) - Desarrollo de Aplicaciones Multiplataforma;DAM2
45109;2º de CFGS (LOE) - Desarrollo de Aplicaciones Multiplataforma;DAM2
44897;1º de CFGS (LOE) - Gestión Forestal y del Medio Natural;GFMN1
44720;Curso de Especialización en Desarrollo de videojuegos y realidad virtual;VIDEO
464325;Curso de Especialización en Desarrollo de videojuegos y realidad virtual;VIDEO
563185;2º de CFGM (LOE) - Cocina y Gastronomía;COG2
562817;CFGS (Mod. E-Learning) (LOE) - Gestión de Alojamientos Turísticos;GATUR@
1185657;CFGS (Mod. E-Learning) (LOE) - Gestión de Alojamientos Turísticos;GATUR@
154062;CFGS (Mod. E-Learning) (LOE) - Gestión de Alojamientos Turísticos;GATUR@
1081446;CFGS (Mod. E-Learning) (LOE) - Gestión de Alojamientos Turísticos;GATUR@
1081616;CFGS (Mod. E-Learning) (LOE) - Gestión de Alojamientos Turísticos;GATUR@
161909;CFGS (Mod. E-Learning) (LOE) - Gestión de Alojamientos Turísticos;GATUR@
217442;CFGS (Mod. E-Learning) (LOE) - Gestión de Alojamientos Turísticos;GATUR@
575012;CFGS (Mod. E-Learning) (LOE) - Gestión de Alojamientos Turísticos;GATUR@
297463;CFGS (Mod. E-Learning) (LOE) - Gestión de Alojamientos Turísticos;GATUR@
297679;CFGS (Mod. E-Learning) (LOE) - Gestión de Alojamientos Turísticos;GATUR@
219903;CFGS (Mod. E-Learning) (LOE) - Gestión de Alojamientos Turísticos;GATUR@
1170929;CFGS (Mod. E-Learning) (LOE) - Gestión de Alojamientos Turísticos;GATUR@
95090;CFGS (Mod. E-Learning) (LOE) - Gestión de Alojamientos Turísticos;GATUR@
1319913;2º de CFGM (LOE) - Servicios en Restauración;SREST2
830771;2º de CFGM (LOE) - Instalaciones Eléctricas y Automáticas;IEA2
767461;2º de CFGS (LOE) - Gestión de Alojamientos Turísticos;GATUR2
767363;1º de CFGM (LOE) - Mantenimiento Electromecánico;MAEL1
1121362;2º de CFGS (LOE) - Gestión de Alojamientos Turísticos;GATUR2
1121149;CFGS (Mod. E-Learning) (LOE) - Gestión de Alojamientos Turísticos;GATUR@
144373;2º de CFGS (LOE) - Gestión de Alojamientos Turísticos;GATUR2
1121759;2º de CFGS (LOE) - Gestión de Alojamientos Turísticos;GATUR2
35981;2º de CFGS (LOE) - Gestión de Alojamientos Turísticos;GATUR2
1288431;2º de CFGS (LOE) - Gestión de Alojamientos Turísticos;GATUR2
463797;2º de CFGS (LOE) - Electromedicina Clínica;ELME2
1378829;2º de FPB - Cocina y Restauración;CORE2
1268958;2º de FPB - Cocina y Restauración;CORE2
141875;2º de CFGM (LOE) - Mantenimiento Electromecánico;MAEL2
209264;1º de CFGS (LOE) - Dirección de Cocina;DICO1
137293;1º de CFGS (LOE) - Desarrollo de Aplicaciones Web;DAW1
138101;2º de CFGS (LOE) - Sistemas Electrotécnicos y Automatizados;SEA2
138016;1º de CFGS (LOE) - Animaciones 3D, Juegos y Entornos Interactivos;A3D1
138019;1º de CFGS (LOE) - Desarrollo de Aplicaciones Multiplataforma;DAM1
155672;CFGS (Mod. Presencial) (LOE) - Gestión de Alojamientos Turísticos;GATUR-MOD
288925;CFGS (Mod. Presencial) (LOE) - Gestión de Alojamientos Turísticos;GATUR-MOD
637493;1º de CFGM (LOE) - Cocina y Gastronomía;COG1
637340;1º de CFGM (LOE) - Sistemas Microinformáticos y Redes;SMR1
1454825;1º de CFGS (LOE) - Administración de Sistemas Informáticos en Red;ASIR1
1454825;CFGS (Mod. E-Learning) (LOE) - Desarrollo de Aplicaciones Multiplataforma;DAM@
342951;1º de CFGM (LOE) - Servicios en Restauración;SREST1
148915;1º de CFGM (LOE) - Sistemas Microinformáticos y Redes;SMR1
148891;1º de CFGS (LOE) - Electromedicina Clínica;ELME1
196984;CFGS (Mod. E-Learning) (LOE) - Gestión de Alojamientos Turísticos;GATUR@
1505881;CFGS (Mod. E-Learning) (LOE) - Gestión de Alojamientos Turísticos;GATUR@
1450769;CFGS (Mod. E-Learning) (LOE) - Gestión de Alojamientos Turísticos;GATUR@
1450850;1º de CFGS (LOE) - Electromedicina Clínica;ELME1
545808;CFGS (Mod. E-Learning) (LOE) - Gestión de Alojamientos Turísticos;GATUR@
545894;1º de CFGS (LOE) - Gestión Forestal y del Medio Natural;GFMN1
74924;CFGS (Mod. E-Learning) (LOE) - Gestión de Alojamientos Turísticos;GATUR@
289623;CFGS (Mod. E-Learning) (LOE) - Gestión de Alojamientos Turísticos;GATUR@
319036;CFGS (Mod. E-Learning) (LOE) - Gestión de Alojamientos Turísticos;GATUR@
1383406;1º de CFGS (LOE) - Gestión de Alojamientos Turísticos;GATUR1
636508;1º de CFGM (LOE) - Instalaciones Eléctricas y Automáticas;IEA1
635971;1º de CFGS (LOE) - Dirección de Cocina;DICO1
690802;1º de CFGM (LOE) - Sistemas Microinformáticos y Redes;SMR1
408449;2º de CFGS (LOE) - Gestión de Alojamientos Turísticos;GATUR2
37002;1º de CFGS (LOE) - Electromedicina Clínica;ELME1
1453961;1º de CFGS (LOE) - Electromedicina Clínica;ELME1
481579;1º de CFGS (LOE) - Electromedicina Clínica;ELME1
1173853;1º de CFGS (LOE) - Electromedicina Clínica;ELME1
197436;1º de CFGS (LOE) - Animaciones 3D, Juegos y Entornos Interactivos;A3D1
1501468;1º de CFGM (LOE) - Mantenimiento Electromecánico;MAEL1
1059912;1º de CFGS (LOE) - Desarrollo de Aplicaciones Multiplataforma;DAM1
566772;1º de CFGS (LOE) - Desarrollo de Aplicaciones Web;DAW1
379008;CFGS (Mod. E-Learning) (LOE) - Desarrollo de Aplicaciones Multiplataforma;DAM@
242008;1º de CFGS (LOE) - Desarrollo de Aplicaciones Web;DAW1
303958;1º de CFGS (LOE) - Desarrollo de Aplicaciones Web;DAW1
500936;1º de CFGS (LOE) - Gestión Forestal y del Medio Natural;GFMN1
396078;1º de CFGS (LOE) - Gestión Forestal y del Medio Natural;GFMN1
715790;1º de CFGS (LOE) - Gestión Forestal y del Medio Natural;GFMN1
458923;CFGS (Mod. E-Learning) (LOE) - Desarrollo de Aplicaciones Multiplataforma;DAM@
438227;CFGS (Mod. E-Learning) (LOE) - Desarrollo de Aplicaciones Multiplataforma;DAM@
1433289;CFGS (Mod. E-Learning) (LOE) - Desarrollo de Aplicaciones Multiplataforma;DAM@
323551;CFGS (Mod. E-Learning) (LOE) - Desarrollo de Aplicaciones Multiplataforma;DAM@
90911;CFGS (Mod. E-Learning) (LOE) - Desarrollo de Aplicaciones Multiplataforma;DAM@
1033042;CFGS (Mod. E-Learning) (LOE) - Desarrollo de Aplicaciones Multiplataforma;DAM@
1155483;CFGS (Mod. E-Learning) (LOE) - Desarrollo de Aplicaciones Multiplataforma;DAM@
352520;CFGS (Mod. E-Learning) (LOE) - Desarrollo de Aplicaciones Multiplataforma;DAM@
448721;CFGS (Mod. E-Learning) (LOE) - Desarrollo de Aplicaciones Multiplataforma;DAM@
1332613;1º CFGB - Electricidad y electrónica;ELE1
848671;1º CFGB - Cocina y restauración;CORE1
774868;1º CFGB - Cocina y restauración;CORE1
